pca_0,pca_1,pca_2,pca_3,pca_4,laundering_schema_type
2.306517743684717,1.3452661580948886,0.9702573553531298,-0.005412056596462843,1.4797811081099868,1.0
-1.293312174959997,2.29420212116041,0.5014091782648975,1.7142670846601105,-0.19660294998906155,0.0
2.7775535820517216,1.494358080903362,0.2694628653236267,-0.6831966321542572,-1.0697196303664713,1.0
0.5063500765882463,-1.6377703905061796,2.623675693667611,0.806033083380002,-0.5381392210197928,1.0
-2.30734069651888,1.2052826111802406,1.6863267484708628,-1.7573310635014514,0.13645369131098076,0.0
