pca_0,pca_1,pca_2,pca_3,pca_4,laundering_schema_type
1.2942023888371241,3.0795269427400322,0.1297855921767227,0.08984823744646056,0.0011297328864861083,1.0
2.7452676441929733,-0.4612793471233253,-0.22793975412631512,-0.29504623407635466,0.1548986383325911,1.0
2.8219498770905056,-0.4049312138633161,-0.9078347071450887,0.41366723061858734,-0.038033653675412296,1.0
2.4819952826914986,-0.6716690746343731,1.0530504139626051,0.1829146283976512,0.11892245177347531,1.0
2.944239191243396,-0.3536263050346057,0.006616091432234495,-0.30389439095549,-0.1149422879003533,1.0
