pca_0,pca_1,pca_2,pca_3,pca_4,laundering_schema_type
1.3356704217765734,3.1570160691952425,0.1115720353208216,0.009502602950447817,0.03620690276526005,1.0
3.015432727101635,-0.2680427265890799,-0.39151194736928124,-0.23814657953443336,0.14290568845752993,1.0
2.7121539173549625,-0.33184137553487913,-0.618821882268059,0.32208496266779246,-0.07452136517654626,1.0
2.650225950389228,-0.6566635287046607,1.1486298926403975,0.13575046588796522,-0.03246677281118429,1.0
2.830122165975333,-0.18901191627777336,0.09871265100310304,-0.3220608279749359,-0.11195530941823802,1.0
