pca_0,pca_1,pca_2,pca_3,pca_4,laundering_schema_type
2.429492425022143,1.1585788058625597,0.7652087365646707,0.16672210351529942,1.4035738839853198,1.0
-1.3181905641007712,2.5948549965521077,0.23174118951627867,1.7162769420956183,-0.029366174880023438,0.0
2.7470502778630226,1.5400110958065385,0.3842095456111856,-0.6336211265580299,-1.0488379105439765,1.0
0.5475646295335947,-1.6046281888268459,2.435523193169961,0.8350403982263763,-0.32758204510976646,1.0
-2.3586247614657587,1.1567782818920065,1.6607492831505803,-1.4826845227397387,-0.022241384589606072,0.0
