pca_0,pca_1,pca_2,pca_3,pca_4,laundering_schema_type
2.3909906043578175,1.290272938008832,1.0741283871118381,-0.12327536886752233,1.2794515615934867,1.0
-1.272362249877995,2.456827105467644,0.4930203259510746,1.7459531967689994,-0.06494068852013368,0.0
2.626269692161708,1.435841591933569,0.33275892904021215,-0.5549981407169884,-0.9645640431301601,1.0
0.5408500802006024,-1.8253027358158076,2.5496294210849384,0.6379334996272163,-0.3789319280463912,1.0
-2.2512453248528437,0.9682790826604863,1.7698627307287795,-1.5039029332971077,0.040086016166430184,0.0
