pca_0,pca_1,pca_2,pca_3,pca_4,laundering_schema_type
1.3759885646751522,3.103682951684957,-0.05281035094801584,0.1275843182344772,-0.028177540192404756,1.0
2.591652103253997,-0.2577416672297248,-0.38384448934910065,-0.3324300241381008,0.08823847832124992,1.0
2.8820404744185826,-0.23382405081199395,-0.6836659904471951,0.5370467718046675,0.03407867041777777,1.0
2.6724997573679765,-0.5919708085629578,1.0318996064114319,0.012439584233460033,-0.07412806723169847,1.0
2.9465681328078093,-0.37981622491837624,0.0520482200159758,-0.316349588757327,0.003352722574167688,1.0
